"y","density"
0,0
0.000823477549387311,0.517295989400834
0.00164695509877462,1.03393097343125
0.00247043264816193,1.54924535425176
0.00329391019754924,2.06258234488928
0.00411738774693656,2.57328936419784
0.00494086529632387,3.08071941929719
0.00576434284571118,3.58423247138993
0.00658782039509849,4.08319678092146
0.0074112979444858,4.57699022812574
0.00823477549387311,5.06500160509377
0.00905825304326042,5.54663187561018
0.00988173059264773,6.02129539912554
0.010705208142035,6.48842111536791
0.0115286856914224,6.94745368624584
0.0123521632408097,7.39785459185587
0.013175640790197,7.83910317757957
0.0139991183395843,8.2706976494383
0.0148225958889716,8.69215601506612
0.0156460734383589,9.10301696786301
0.0164695509877462,9.50284071209991
0.0172930285371335,9.89120972696353
0.0181165060865208,10.2677294677517
0.0189399836359082,10.6320290026574
0.0197634611852955,10.9837615838115
0.0205869387346828,11.3226051514895
0.0214104162840701,11.6482627706226
0.0222338938334574,11.9604629989947
0.0230573713828447,12.2589601867408
0.023880848932232,12.543534707002
0.0247043264816193,12.8139931178256
0.0255278040310066,13.0701682556326
0.026351281580394,13.3119192607986
0.0271747591297813,13.5391315361236
0.0279982366791686,13.7517166391773
0.0288217142285559,13.9496121097209
0.0296451917779432,14.1327812336097
0.0304686693273305,14.3012127447741
0.0312921468767178,14.4549204670651
0.0321156244261051,14.5939428979258
0.0329391019754924,14.718342736019
0.0337625795248798,14.8282063550949
0.0345860570742671,14.9236432265291
0.0354095346236544,15.0047852930957
0.0362330121730417,15.0717862966584
0.037056489722429,15.1248210625753
0.0378799672718163,15.164084743707
0.0387034448212036,15.1897920270031
0.0395269223705909,15.2021763057126
0.0403503999199782,15.2014888203217
0.0411738774693656,15.1879977713682
0.0419973550187529,15.1619874073145
0.0428208325681402,15.1237570906791
0.0436443101175275,15.0736203456366
0.0444677876669148,15.0119038902877
0.0452912652163021,14.9389466567873
0.0461147427656894,14.8550988024854
0.0469382203150767,14.7607207152001
0.047761697864464,14.6561820156867
0.0485851754138514,14.5418605603085
0.0494086529632387,14.4181414468415
0.050232130512626,14.2854160262641
0.0510556080620133,14.1440809232962
0.0518790856114006,13.9945370683493
0.0527025631607879,13.8371887434479
0.0535260407101752,13.672442644567
0.0543495182595625,13.5007069627139
0.0551729958089498,13.3223904859561
0.0559964733583372,13.1379017244668
0.0568199509077245,12.9476480605297
0.0576434284571118,12.7520349253015
0.0584669060064991,12.5514650039945
0.0592903835558864,12.3463374709962
0.0601138611052737,12.1370472562999
0.060937338654661,11.923984344474
0.0617608162040483,11.7075331072524
0.0625842937534356,11.4880716706817
0.063407771302823,11.2659713176188
0.0642312488522103,11.0415959262272
0.0650547264015976,10.8153014449791
0.0658782039509849,10.5874354045342
0.0667016815003722,10.3583364667271
0.0675251590497595,10.1283340107677
0.0683486365991468,9.897747756625
0.0691721141485341,9.66688742544818
0.0699955916979214,9.43605243675302
0.0708190692473088,9.20553164199297
0.0716425467966961,8.97560309402284
0.0724660243460834,8.74653385186144
0.0732895018954707,8.51857982006209
0.074112979444858,8.29198562190916
0.0749364569942453,8.06698450557405
0.0757599345436326,7.8437982822858
0.0765834120930199,7.6226372954995
0.0774068896424072,7.40370041998046
0.0782303671917946,7.18717508966318
0.0790538447411819,6.97323735309191
0.0798773222905692,6.76205195520382
0.0807007998399565,6.55377244417653
0.0815242773893438,6.34854130202846
0.0823477549387311,6.1464900976343
0.0831712324881184,5.94773966079659
0.0839947100375057,5.75240027600014
0.0848181875868931,5.56057189446701
0.0856416651362804,5.37234436312615
0.0864651426856677,5.18779766911413
0.087288620235055,5.00700219843002
0.0881120977844423,4.83001900737977
0.0889355753338296,4.65690010546184
0.0897590528832169,4.4876887483665
0.0905825304326042,4.32241973978644
0.0914060079819915,4.16111974076487
0.0922294855313788,4.00380758533941
0.0930529630807662,3.8504946012755
0.0938764406301535,3.70118493472151
0.0946999181795408,3.55587587765823
0.0955233957289281,3.41455819705904
0.0963468732783154,3.27721646472205
0.0971703508277027,3.14382938678259
0.09799382837709,3.01437013196292
0.0988173059264773,2.88880665766554
0.0996407834758646,2.76710203306744
0.100464261025252,2.64921475842341
0.101287738574639,2.53509907983869
0.102111216124027,2.42470529882304
0.102934693673414,2.31798007598989
0.103758171222801,2.21486672831643
0.104581648772189,2.11530551943125
0.105405126321576,2.01923394244681
0.106228603870963,1.92658699490407
0.10705208142035,1.83729744544488
0.107875558969738,1.75129609187587
0.108699036519125,1.66851201033371
0.109522514068512,1.58887279530672
0.1103459916179,1.51230479031113
0.111169469167287,1.43873330906262
0.111992946716674,1.36808284702341
0.112816424266062,1.30027728324407
0.113639901815449,1.23524007245574
0.114463379364836,1.17289442740304
0.115286856914224,1.11316349144098
0.116110334463611,1.05597050145001
0.116933812012998,1.00123894115233
0.117757289562385,0.948892684939423
0.118580767111773,0.89885613234599
0.11940424466116,0.851054333328343
0.120227722210547,0.805413104526497
0.121051199759935,0.761859136708433
0.121874677309322,0.720320093612272
0.122698154858709,0.680724702417657
0.123521632408097,0.643002836091297
0.124345109957484,0.607085587863612
0.125168587506871,0.572905338103681
0.125992065056259,0.540395813868395
0.126815542605646,0.509492141408768
0.127639020155033,0.480130891921992
0.128462497704421,0.452250120842005
0.129285975253808,0.4257894009642
0.130109452803195,0.400689849701411
0.130932930352582,0.376894150768745
0.13175640790197,0.35434657059398
0.132579885451357,0.332992969748519
0.133403363000744,0.312780809691027
0.134226840550132,0.293659155112215
0.135050318099519,0.275578672164723
0.135873795648906,0.258491622856773
0.136697273198294,0.242351855882287
0.137520750747681,0.227114794153652
0.138344228297068,0.212737419296161
0.139167705846456,0.199178253355567
0.139991183395843,0.18639733796225
0.14081466094523,0.174356211187059
0.141638138494618,0.163017882315295
0.142461616044005,0.152346804756419
0.143285093593392,0.142308847297959
0.144108571142779,0.132871263902919
0.144932048692167,0.124002662240684
0.145755526241554,0.115672971132076
0.146579003790941,0.107853407079868
0.147402481340329,0.100516440046792
0.148225958889716,0.0936357586337885
0.149049436439103,0.0871862348021871
0.149872913988491,0.08114388827444
0.150696391537878,0.0754858507392673
0.151519869087265,0.0701903299783769
0.152343346636653,0.0652365740235146
0.15316682418604,0.0606048354443685
0.153990301735427,0.0562763358598993
0.154813779284814,0.0522332307579478
0.155637256834202,0.0484585747005343
0.156460734383589,0.0449362869851063
0.157284211932976,0.0416511178251164
0.158107689482364,0.0385886151067324
0.158931167031751,0.0357350917722091
0.159754644581138,0.0330775938744637
0.160578122130526,0.0306038693417257
0.161401599679913,0.0283023374857557
0.1622250772293,0.026162059282052
0.163048554778688,0.0241727084456846
0.163872032328075,0.022324543321914
0.164695509877462,0.0206083796065509
0.16551898742685,0.0190155639071019
0.166342464976237,0.0175379481521021
0.167165942525624,0.016167864852667
0.167989420075011,0.0148981032171817
0.168812897624399,0.0137218861171852
0.169636375173786,0.0126328478998898
0.170459852723173,0.0116250130403903
0.171283330272561,0.0106927756244542
0.172106807821948,0.00983087965083975
0.172930285371335,0.00903440014034053
0.173753762920723,0.00829872503720825
0.17457724047011,0.00761953788723687
0.175400718019497,0.00699280127559943
0.176224195568885,0.00641474100649979
0.177047673118272,0.0058818310058258
0.177871150667659,0.00539077892726145
0.178694628217047,0.00493851244171776
0.179518105766434,0.00452216618947361
0.180341583315821,0.0041390693740628
0.181165060865208,0.00378673397669869
0.181988538414596,0.00346284356988022
0.182812015963983,0.00316524270876856
0.18363549351337,0.00289192687895065
0.184458971062758,0.00264103297930993
0.185282448612145,0.00241083031889657
0.186105926161532,0.00219971210692317
0.18692940371092,0.00200618741530101
0.187752881260307,0.00182887359346991
0.188576358809694,0.00166648911565582
0.189399836359082,0.00151784684110934
0.190223313908469,0.00138184766832928
0.191046791457856,0.00125747456475498
0.191870269007243,0.00114378695391292
0.192693746556631,0.0010399154425246
0.193517224106018,0.000945056870618916
0.194340701655405,0.000858469668240178
0.195164179204793,0.000779469502898926
0.19598765675418,0.000707425202474051
0.196811134303567,0.000641754938838271
0.197634611852955,0.000581922658042687
0.198458089402342,0.000527434743457281
0.199281566951729,0.000477836898821062
0.200105044501117,0.000432711238706056
0.200928522050504,0.000391673574442013
0.201751999599891,0.000354370884082126
0.202575477149279,0.000320478955512813
0.203398954698666,0.000289700192321816
0.204222432248053,0.000261761572537549
0.20504590979744,0.000236412750837839
0.205869387346828,0.000213424295297597
0.206692864896215,0.000192586050201741
0.207516342445602,0.000173705616891659
0.20833981999499,0.000156606945040249
0.209163297544377,0.000141129027161954
0.209986775093764,0.000127124689560105
0.210810252643152,0.000114459473294271
0.211633730192539,0.000103010599115211
0.212457207741926,9.26660106645781e-05
0.213280685291314,8.33234905708662e-05
0.214104162840701,7.48898443924439e-05
0.214927640390088,6.72801476631776e-05
0.215751117939476,6.04170515863357e-05
0.216574595488863,5.42301431985919e-05
0.21739807303825,4.8655356088333e-05
0.218221550587637,4.36344280014915e-05
0.219045028137025,3.91144019042114e-05
0.219868505686412,3.50471672951865e-05
0.220691983235799,3.13890387719532e-05
0.221515460785187,2.81003690551773e-05
0.222338938334574,2.51451938635063e-05
0.223162415883961,2.2490906209312e-05
0.223985893433349,2.01079578530498e-05
0.224809370982736,1.79695858114663e-05
0.225632848532123,1.60515619629379e-05
0.226456326081511,1.43319639322331e-05
0.227279803630898,1.27909655674062e-05
0.228103281180285,1.14106454437559e-05
0.228926758729672,1.01748119442272e-05
0.22975023627906,9.06884357269931e-06
0.230573713828447,8.07954325666976e-06
0.231397191377834,7.19500548928812e-06
0.232220668927222,6.40449524787929e-06
0.233044146476609,5.69833770736458e-06
0.233867624025996,5.06781784268956e-06
0.234691101575384,4.50508908480828e-06
0.235514579124771,4.0030902602762e-06
0.236338056674158,3.55547010535938e-06
0.237161534223546,3.1565187020594e-06
0.237985011772933,2.80110523585386e-06
0.23880848932232,2.48462152351924e-06
0.239631966871708,2.20293080437828e-06
0.240455444421095,1.9523213299353e-06
0.241278921970482,1.72946432534634e-06
0.242102399519869,1.53137593172918e-06
0.242925877069257,1.35538277114604e-06
0.243749354618644,1.19909080637813e-06
0.244572832168031,1.0603571955303e-06
0.245396309717419,9.37264867223687e-07
0.246219787266806,8.28099565808158e-07
